genename	clinvar_clnsig	count	total_expected_cases	overall_prob
IDS	Affects	1	84.9543447478629	8.49543447478673e-07
IDS	Benign	12	182927.429063973	0.00182813637980084
IDS	Benign/Likely_benign	8	81297.4258955235	0.000812857085422669
IDS	Conflicting_interpretations_of_pathogenicity	11	145978.568686714	0.00145939446597909
IDS	Likely_benign	10	2481.54028257173	2.48151376839312e-05
IDS	Likely_pathogenic	1	84.9543447478629	8.49543447478673e-07
IDS	Pathogenic	2	171.284457660255	1.71284384320458e-06
IDS	Pathogenic/Likely_pathogenic	1	84.9543447478629	8.49543447478673e-07
IDS	Uncertain_significance	17	3847.19289822254	3.84712681140709e-05
