genename	clinvar_clnsig	count	total_expected_cases	overall_prob
SMPD1	Benign	3	80387207.0300222	0.652552513862891
SMPD1	Benign/Likely_benign	5	4855121.3706796	0.0476846827300346
SMPD1	Conflicting_interpretations_of_pathogenicity	41	3916430.27626249	0.0386173307246034
SMPD1	Likely_benign	3	314456.404365371	0.00314334938165495
SMPD1	Likely_pathogenic	13	37448.9659776676	0.00037443659839298
SMPD1	not_provided	1	1011.48810548884	1.01148810548457e-05
SMPD1	Pathogenic	11	30378.7798383351	0.00030374812043088
SMPD1	Pathogenic/Likely_pathogenic	17	55664.2106263838	0.000556505896642356
SMPD1	Uncertain_significance	60	551794.644121612	0.00550503835150695
