genename	clinvar_clnsig	count	total_expected_cases	overall_prob
CCND2	Benign	0	0	0
CCND2	Benign/Likely_benign	3	141296.2	0.00141259749721112
CCND2	Conflicting_interpretations_of_pathogenicity	1	6569.09	6.56908999999706e-05
CCND2	Likely_benign	0	0	0
CCND2	Likely_pathogenic	1	656.810135894017	6.56810135890584e-06
CCND2	not_provided	1	657.644	6.57644000001678e-06
CCND2	Pathogenic	3	1971.695	1.97168204143505e-05
CCND2	Pathogenic/Likely_pathogenic	1	656.810135894017	6.56810135890584e-06
CCND2	Uncertain_significance	7	9854.982	9.8545848858711e-05
HRAS	Benign	2	60.688116877027	6.06881131903769e-07
HRAS	Benign/Likely_benign	0	0	0
HRAS	Conflicting_interpretations_of_pathogenicity	4	19.177047857928	1.91770466395624e-07
HRAS	Likely_benign	2	6.87914467162804	6.879144598404e-08
HRAS	Likely_pathogenic	1	1.3853334721169	1.38533347016079e-08
HRAS	not_provided	0	0	0
HRAS	Pathogenic	1	1.3853334721169	1.38533347016079e-08
HRAS	Pathogenic/Likely_pathogenic	1	1.3853334721169	1.38533347016079e-08
HRAS	Uncertain_significance	45	122.269640298326	1.22269568725297e-06
MTOR	Benign	41	1942.9200733631	1.94290225447036e-05
MTOR	Benign/Likely_benign	15	8811.28202551177	8.81101685955565e-05
MTOR	Conflicting_interpretations_of_pathogenicity	15	1971.96674451979	1.97195058199151e-05
MTOR	Likely_benign	50	3286.59291421495	3.2865437732732e-05
MTOR	Likely_pathogenic	1	13.602108850214	1.36021088503746e-07
MTOR	not_provided	1	13.602108850214	1.36021088503746e-07
MTOR	Pathogenic	1	13.6152484448277	1.36152484397911e-07
MTOR	Pathogenic/Likely_pathogenic	1	13.602108850214	1.36021088503746e-07
MTOR	Uncertain_significance	157	4610.39743443336	4.61029234579691e-05
TBC1D7	Benign	2	8037776.36243835	0.0797789372938711
TBC1D7	Benign/Likely_benign	1	17331.7584692285	0.000173317584692301
TBC1D7	Conflicting_interpretations_of_pathogenicity	1	41706.4355947057	0.000417064355947017
TBC1D7	Likely_benign	2	160639.416528727	0.00160623493535872
TBC1D7	Likely_pathogenic	0	0	0
TBC1D7	not_provided	0	0	0
TBC1D7	Pathogenic	0	0	0
TBC1D7	Pathogenic/Likely_pathogenic	0	0	0
TBC1D7	Uncertain_significance	16	45362.2361625896	0.000453538803971476
