genename	clinvar_clnsig	pos(1-based)	gnomAD_genomes_AN	gnomAD_genomes_AF	HGVSc_VEP	HGVSp_VEP	panel_id	Inheritance	name	max_an	synth_flag	total_AF	occurrence_prob	expected_cases	prob_at_least_one
IKBKG	Benign/Likely_benign	154552171	111910	0.00150121	c.169G>A	p.Glu57Lys	1347	XL	Incontinentia pigmenti	112386	FALSE	0.00251643818504418	5.30177287144034e-06	530.177287144034	1
IKBKG	Conflicting_interpretations_of_pathogenicity	154552187	112141	9.80908e-05	c.185G>A	p.Arg62Gln	1347	XL	Incontinentia pigmenti	112386	FALSE	0.00251643818504418	4.84057064398423e-07	48.4057064398423	1
IKBKG	Likely_benign	154542411	112328	0.00074781	c.148C>T	p.Arg50Cys	1347	XL	Incontinentia pigmenti	112386	FALSE	0.00251643818504418	3.20441548221577e-06	320.441548221577	1
IKBKG	Likely_pathogenic	154558650	0	8.89782626104443e-06	c.518G>A	p.Arg173Gln	1347	XL	Incontinentia pigmenti	112386	TRUE	0.00251643818504418	4.47024882221904e-08	4.47024882221904	0.988555533335997
IKBKG	Pathogenic	154556335	0	8.89782626104443e-06	c.358C>T	p.Gln120Ter	1347	XL	Incontinentia pigmenti	112386	TRUE	0.00251643818504418	4.47024882221904e-08	4.47024882221904	0.988555533335997
IKBKG	Pathogenic/Likely_pathogenic	154561722	0	8.89782626104443e-06	c.706C>T	p.Gln236Ter	1347	XL	Incontinentia pigmenti	112386	TRUE	0.00251643818504418	4.47024882221904e-08	4.47024882221904	0.988555533335997
IKBKG	Uncertain_significance	154542282	112135	9.8096e-05	c.19G>A	p.Val7Met	1347	XL	Incontinentia pigmenti	112386	FALSE	0.00251643818504418	4.84082215184187e-07	48.4082215184187	1
IKBKG	Uncertain_significance	154542390	112386	2.66937e-05	c.127G>A	p.Gly43Arg	1347	XL	Incontinentia pigmenti	112386	FALSE	0.00251643818504418	1.33633538340538e-07	13.3633538340538	0.999998428303152
IKBKG	Uncertain_significance	154552087	111777	8.94638e-06	c.85G>C	p.Glu29Gln	1347	XL	Incontinentia pigmenti	112386	FALSE	0.00251643818504418	4.49459867847267e-08	4.49459867847267	0.988830839027963
IKBKG	not_provided	154556344	0	8.89782626104443e-06	c.367C>T	p.Arg123Trp	1347	XL	Incontinentia pigmenti	112386	TRUE	0.00251643818504418	4.47024882221904e-08	4.47024882221904	0.988555533335997
