genename	clinvar_clnsig	count	total_expected_cases	overall_prob
MYH9	Benign	1	18968700	0.189687
MYH9	Benign/Likely_benign	7	1185848.5	0.0118040798583791
MYH9	Conflicting_interpretations_of_pathogenicity	30	602436.205	0.00600954341943427
MYH9	Likely_benign	6	61134.55	0.000611234946723993
MYH9	Likely_pathogenic	1	657.479	6.57478999999128e-06
MYH9	not_provided	1	656.715241704045	6.56715241709183e-06
MYH9	Pathogenic	2	1315.678	1.3156736724862e-05
MYH9	Pathogenic/Likely_pathogenic	1	656.715241704045	6.56715241709183e-06
MYH9	Uncertain_significance	52	159710.936	0.00159590478704896
