genename	clinvar_clnsig	count	total_expected_cases	overall_prob
HEXB	Benign	4	252002442.741555	1.21065026878329
HEXB	Benign/Likely_benign	2	4428019.06644087	0.0437930575228127
HEXB	Conflicting_interpretations_of_pathogenicity	7	142503.1253538	0.00142441765525914
HEXB	Likely_benign	6	504730.531030611	0.00504363755898141
HEXB	Likely_benign|other	1	82720.4067727065	0.000827204067727072
HEXB	Likely_pathogenic	7	17604.8348456734	0.000176035640389816
HEXB	Pathogenic	3	8796.88766201651	8.79664004082015e-05
HEXB	Pathogenic/Likely_pathogenic	8	149583.667602575	0.0014955263097135
HEXB	Uncertain_significance	43	538720.885541112	0.0053746616182665
