genename	clinvar_clnsig	count	total_expected_cases	overall_prob
ARSB	Benign	5	42009495.5940682	0.373689817728662
ARSB	Benign/Likely_benign	1	1046560.70763915	0.0104656070763914
ARSB	Conflicting_interpretations_of_pathogenicity	16	398347.701479005	0.00397848960668501
ARSB	Likely_benign	3	9177.49273635567	9.17722363048545e-05
ARSB	Likely_pathogenic	3	2118.80459133106	2.11878962693701e-05
ARSB	Pathogenic	11	36691.0188256417	0.000366861191599566
ARSB	Pathogenic/Likely_pathogenic	6	12003.8189252386	0.000120033002916742
ARSB	Uncertain_significance	56	237908.604795903	0.00237645687556787
