genename	clinvar_clnsig	count	total_expected_cases	overall_prob
RNASEH2B	Benign	2	90.4074099856284	9.04073958585272e-07
RNASEH2B	Benign/Likely_benign	1	2317.35806999424	2.317358069992e-05
RNASEH2B	Conflicting_interpretations_of_pathogenicity	5	957.801819401598	9.57801353462795e-06
RNASEH2B	Likely_benign	3	1803.47238134885	1.80346810570997e-05
RNASEH2B	Likely_pathogenic	3	40.2455261946182	4.02455211379049e-07
RNASEH2B	Pathogenic	5	80.4890222174242	8.04889979111323e-07
RNASEH2B	Pathogenic/Likely_pathogenic	2	2042.25928503843	2.04225867868058e-05
RNASEH2B	Uncertain_significance	59	3669.51628455387	3.66945518562867e-05
