genename	clinvar_clnsig	count	total_expected_cases	overall_prob
ATP7B	Benign	6	952999411.395836	-2.29909501665842
ATP7B	Benign/Likely_benign	3	204622952.31891	1.7491407410894
ATP7B	Conflicting_interpretations_of_pathogenicity	63	13248226.6918958	0.124733060184626
ATP7B	Likely_benign	11	607547.722387926	0.0060604239388945
ATP7B	Likely_pathogenic	17	70459.0799613274	0.000704360071601573
ATP7B	not_provided	1	3353.27355767786	3.35327355768245e-05
ATP7B	Pathogenic	28	1107159.12356516	0.0110242440741133
ATP7B	Pathogenic/Likely_pathogenic	47	1348903.63440508	0.013415654994627
ATP7B	Uncertain_significance	226	3561095.3053951	0.035001911697059
