genename	clinvar_clnsig	count	total_expected_cases	overall_prob
TPP1	Benign	1	228.492695893508	2.28492695897309e-06
TPP1	Benign/Likely_benign	7	256511.911890365	0.00256243134898582
TPP1	Conflicting_interpretations_of_pathogenicity	24	59757.3371078041	0.000597421196633863
TPP1	Likely_benign	1	342.565602904641	3.42565602906575e-06
TPP1	Likely_pathogenic	6	400.015052177536	4.00014399060122e-06
TPP1	not_provided	1	57.1004638416851	5.71004638461048e-07
TPP1	Pathogenic	17	8941.76910469991	8.94148598925559e-05
TPP1	Pathogenic/Likely_pathogenic	5	628.180840939599	6.28179731620992e-06
TPP1	Uncertain_significance	128	31602.9896181087	0.000315982288584649
