genename	clinvar_clnsig	count	total_expected_cases	overall_prob
FLT4	Benign	10	157025422.64914	0.934534938252063
FLT4	Benign/Likely_benign	6	4607433.15814362	0.0452941645824996
FLT4	Conflicting_interpretations_of_pathogenicity	2	705058.146175196	0.00705002673363564
FLT4	drug_response	1	1324.28504366938	1.32428504366899e-05
FLT4	Likely_benign	10	667526.97177487	0.00665618832555148
FLT4	Likely_pathogenic	1	2650.76950818733	2.65076950818344e-05
FLT4	Pathogenic	1	18539.3369024486	0.000185393369024456
FLT4	Uncertain_significance	33	334103.619758421	0.0033363134518396
