genename	clinvar_clnsig	count	total_expected_cases	overall_prob
TP53	Benign	6	63271605.2	0.629332039203661
TP53	Benign/Likely_benign	1	10525.1	0.000105251000000028
TP53	Conflicting_interpretations_of_pathogenicity	53	113117.567	0.00113058987773795
TP53	Likely_benign	41	106526.084	0.00106473492988657
TP53	Likely_pathogenic	1	658.406	6.58405999998113e-06
TP53	not_provided	1	600355	0.00600354999999997
TP53	Pathogenic	23	17758.263	0.000177567706697079
TP53	Pathogenic/Likely_pathogenic	9	7892.649	7.89238082608001e-05
TP53	Uncertain_significance	36	38782.317	0.000387751150538795
