genename	clinvar_clnsig	count	total_expected_cases	overall_prob
PTEN	Conflicting_interpretations_of_pathogenicity	5	3289.536	3.28949271610757e-05
PTEN	Likely_benign	1	7933.99	7.9339899999975e-05
PTEN	Likely_pathogenic	1	657.376	6.57376000001708e-06
PTEN	not_provided	1	656.749745509474	6.56749745509e-06
PTEN	Pathogenic	2	1315.756	1.31575167195974e-05
PTEN	Pathogenic/Likely_pathogenic	1	656.996	6.56996000003573e-06
PTEN	Uncertain_significance	32	62628.987	0.000626133248638139
