genename	clinvar_clnsig	count	total_expected_cases	overall_prob
RUNX2	Benign	1	136276	0.00136276000000002
RUNX2	Benign/Likely_benign	2	849698.7	0.0084953985521421
RUNX2	Conflicting_interpretations_of_pathogenicity	6	63835.98	0.000638205114992574
RUNX2	Likely_benign	1	13475.4	0.000134753999999959
RUNX2	Likely_pathogenic	1	657.060442990151	6.57060442987856e-06
RUNX2	not_provided	1	657.060442990151	6.57060442987856e-06
RUNX2	Pathogenic	1	657.060442990151	6.57060442987856e-06
RUNX2	Pathogenic/Likely_pathogenic	1	657.060442990151	6.57060442987856e-06
RUNX2	Uncertain_significance	31	105285.582	0.00105235376927637
