genename	clinvar_clnsig	count	total_expected_cases	overall_prob
SH2D1A	Benign	1	0.422234361310155	4.22234358588014e-09
SH2D1A	Conflicting_interpretations_of_pathogenicity	3	3.620072668878	3.62007261944797e-08
SH2D1A	Likely_benign	1	0.827606372849142	8.27606372322265e-09
SH2D1A	Likely_pathogenic	1	0.418822141422458	4.1882214363298e-09
SH2D1A	Pathogenic	1	0.418822141422458	4.1882214363298e-09
SH2D1A	Pathogenic/Likely_pathogenic	1	0.418822141422458	4.1882214363298e-09
SH2D1A	Uncertain_significance	3	4.45834082929121	4.45834078544038e-08
