genename	clinvar_clnsig	count	total_expected_cases	overall_prob
ATPAF2	Benign	1	6220.38550005468	6.22038550005533e-05
ATPAF2	Benign/Likely_benign	2	22518.1889798663	0.000225170559050247
ATPAF2	Conflicting_interpretations_of_pathogenicity	7	6130.58065669465	6.13046242837756e-05
ATPAF2	Likely_benign	2	525.021424909552	5.25021065000963e-06
ATPAF2	Pathogenic	1	20.2688495081347	2.02688495098968e-07
ATPAF2	Uncertain_significance	31	7205.43638350333	7.205202582794e-05
