genename	clinvar_clnsig	count	total_expected_cases	overall_prob
TPSAB1	Benign	8	122406330	0.749867161001582
TPSAB1	Likely_benign	2	362904.36	0.00362876650190613
TPSAB1	Uncertain_significance	4	21575.724	0.000215743479731301
