genename	clinvar_clnsig	pos(1-based)	gnomAD_genomes_AN	gnomAD_genomes_AF	HGVSc_VEP	HGVSp_VEP	panel_id	Inheritance	name	max_an	synth_flag	total_AF	occurrence_prob	expected_cases	prob_at_least_one
TPSAB1	Benign	1241317	91218	0.0978754	c.226G>C	p.Val76Leu	1226	AD	Hereditary alpha tryptasaemia	152262	FALSE	1.22790810084	0.0978754	9787540	1
TPSAB1	Benign	1241453	97406	0.176611	c.253G>A	p.Ala85Thr	1226	AD	Hereditary alpha tryptasaemia	152262	FALSE	1.22790810084	0.176611	17661100	1
TPSAB1	Benign	1241971	31194	0.0963647	c.644C>G	p.Thr215Ser	1226	AD	Hereditary alpha tryptasaemia	152262	FALSE	1.22790810084	0.0963647	9636470	1
TPSAB1	Benign	1241974	30976	0.0956224	c.647G>A	p.Arg216Gln	1226	AD	Hereditary alpha tryptasaemia	152262	FALSE	1.22790810084	0.0956224	9562240	1
TPSAB1	Benign	1241988	29214	0.0876634	c.661C>A	p.Gln221Lys	1226	AD	Hereditary alpha tryptasaemia	152262	FALSE	1.22790810084	0.0876634	8766340	1
TPSAB1	Benign	1242146	117340	0.0777484	c.734G>A	p.Gly245Asp	1226	AD	Hereditary alpha tryptasaemia	152262	FALSE	1.22790810084	0.0777484	7774840	1
TPSAB1	Benign	1241596	106670	0.372026	c.396C>G	p.Asn132Lys	1226	AD	Hereditary alpha tryptasaemia	152262	FALSE	1.22790810084	0.372026	37202600	1
TPSAB1	Benign	1241830	11542	0.220152	c.503G>C	p.Arg168Pro	1226	AD	Hereditary alpha tryptasaemia	152262	FALSE	1.22790810084	0.220152	22015200	1
TPSAB1	Likely_benign	1241874	25630	7.80336e-05	c.547A>G	p.Met183Val	1226	AD	Hereditary alpha tryptasaemia	152262	FALSE	1.22790810084	7.80336e-05	7803.36	1
TPSAB1	Likely_benign	1241553	115460	0.00355101	c.353T>C	p.Ile118Thr	1226	AD	Hereditary alpha tryptasaemia	152262	FALSE	1.22790810084	0.00355101	355101	1
TPSAB1	Uncertain_significance	1241321	152262	3.94058e-05	c.230G>A	p.Gly77Glu	1226	AD	Hereditary alpha tryptasaemia	152262	FALSE	1.22790810084	3.94058e-05	3940.58	1
TPSAB1	Uncertain_significance	1241189	152028	6.57774e-06	c.98G>A	p.Gly33Glu	1226	AD	Hereditary alpha tryptasaemia	152262	FALSE	1.22790810084	6.57774e-06	657.774	1
TPSAB1	Uncertain_significance	1241260	152132	4.60127e-05	c.169C>T	p.His57Tyr	1226	AD	Hereditary alpha tryptasaemia	152262	FALSE	1.22790810084	4.60127e-05	4601.27	1
TPSAB1	Uncertain_significance	1241317	137362	0.000123761	c.226G>A	p.Val76Met	1226	AD	Hereditary alpha tryptasaemia	152262	FALSE	1.22790810084	0.000123761	12376.1	1
