genename	clinvar_clnsig	count	total_expected_cases	overall_prob
F8	Benign	5	18853705.2221125	0.181614342347727
F8	Benign/Likely_benign	3	834870.177611525	0.00832701020242477
F8	Conflicting_interpretations_of_pathogenicity	16	90992.1801337261	0.000909560394013686
F8	Likely_benign	11	187678.462303517	0.00187553297891363
F8	Likely_pathogenic	4	5476.85017445392	5.47675175885942e-05
F8	Pathogenic	22	54228.0231017079	0.000542147865880582
F8	Pathogenic/Likely_pathogenic	6	14389.1309240447	0.000143883792027233
F8	Uncertain_significance	32	113251.81120835	0.00113192429496323
F8	Uncertain_significance|risk_factor	1	679.737403513387	6.79737403508351e-06
