genename	clinvar_clnsig	count	total_expected_cases	overall_prob
BTK	Benign	6	11201043.3030868	0.111939223400443
BTK	Benign/Likely_benign	2	93367.2953434181	0.00093353777520544
BTK	Conflicting_interpretations_of_pathogenicity	1	592.802951215306	5.92802951215887e-06
BTK	Likely_benign	1	592.802951215306	5.92802951215887e-06
BTK	Likely_pathogenic	1	592.802951215306	5.92802951215887e-06
BTK	Pathogenic	1	592.802951215306	5.92802951215887e-06
BTK	Pathogenic/Likely_pathogenic	1	592.802951215306	5.92802951215887e-06
BTK	Uncertain_significance	12	11938.1433335665	0.000119375340958516
