genename	clinvar_clnsig	count	total_expected_cases	overall_prob
DMD	Benign	26	969540568.419732	1.00931311035867
DMD	Benign/Likely_benign	47	89481803.7651966	0.609876526754125
DMD	Conflicting_interpretations_of_pathogenicity	228	14004946.3825229	0.131056802553072
DMD	Likely_benign	65	707610.588220753	0.00705192619416584
DMD	Likely_pathogenic	1	4397.00850002901	4.39700850003444e-05
DMD	Pathogenic	3	13418.4034323715	0.000134178032638488
DMD	Pathogenic/Likely_pathogenic	3	22223.1575788474	0.000222217735503794
DMD	Uncertain_significance	415	3490692.70962507	0.0343076463697705
