genename	clinvar_clnsig	count	total_expected_cases	overall_prob
AKR1C2	Benign	1	465127.662926316	0.00465127662926312
AKR1C2	Likely_benign	1	20671.7476403472	0.00020671747640344
AKR1C2	Pathogenic	1	89.697458118785	8.96974581165999e-07
AKR1C2	Uncertain_significance	6	23239.3365715811	0.000232384578788269
MOG	Benign	0	0	0
MOG	Likely_benign	0	0	0
MOG	Pathogenic	1	657.094983079804	6.57094983080864e-06
MOG	Uncertain_significance	6	310177.993	0.00310009069328687
