genename	clinvar_clnsig	pos(1-based)	gnomAD_genomes_AN	gnomAD_genomes_AF	HGVSc_VEP	HGVSp_VEP	panel_id	Inheritance	name	max_an	synth_flag	total_AF	occurrence_prob	expected_cases	prob_at_least_one
TRAPPC2	Benign	13716063	112962	8.85253e-06	c.265A>G	p.Ile89Val	211	XL	Multiple Epiphyseal Dysplasia	112962	FALSE	0.000357229396113949	6.24640060456033e-09	0.624640060456033	0.464545876865248
TRAPPC2	Conflicting_interpretations_of_pathogenicity	13734121	111900	0.000321716	c.12G>A	p.Trp4Ter	211	XL	Multiple Epiphyseal Dysplasia	112962	FALSE	0.000357229396113949	1.2635164014439e-07	12.635164014439	0.99999674450042
TRAPPC2	Likely_pathogenic	13714506	112338	8.90171e-06	c.325-1G>C	.	211	XL	Multiple Epiphyseal Dysplasia	112962	FALSE	0.000357229396113949	6.2806645344389e-09	0.62806645344389	0.466377413296733
TRAPPC2	Pathogenic	13716003	0	8.85245611394881e-06	c.324+1G>A	.	211	XL	Multiple Epiphyseal Dysplasia	112962	TRUE	0.000357229396113949	6.24634912417295e-09	0.624634912417295	0.464543118501104
TRAPPC2	Uncertain_significance	13714477	112275	8.9067e-06	c.353A>G	p.Asn118Ser	211	XL	Multiple Epiphyseal Dysplasia	112962	FALSE	0.000357229396113949	6.28414081984622e-09	0.628414081984622	0.466562885896374
