genename	clinvar_clnsig	count	total_expected_cases	overall_prob
GLB1	Benign	3	316518930.20875	0.793152237012239
GLB1	Benign/Likely_benign	4	23757231.7478274	0.222385715603641
GLB1	Conflicting_interpretations_of_pathogenicity	24	2152444.87331149	0.0213419951431272
GLB1	Likely_benign	4	160482.345834078	0.00160395922703183
GLB1	Likely_pathogenic	10	23770.7164415935	0.000237682444825138
GLB1	not_provided	1	1980.16268785195	1.9801626878535e-05
GLB1	Pathogenic	23	140694.936529518	0.00140608148087196
GLB1	Pathogenic/Likely_pathogenic	14	110979.841432648	0.00110926915212461
GLB1	Uncertain_significance	60	427955.020719413	0.00427079215193205
