genename	clinvar_clnsig	count	total_expected_cases	overall_prob
XIAP	Benign	11	14674675.5923344	0.146681735581497
XIAP	Benign/Likely_benign	1	10227.1405782234	0.000102271405782228
XIAP	Conflicting_interpretations_of_pathogenicity	4	98732.3204175629	0.0009870547851073
XIAP	Likely_benign	5	37518.1299392142	0.00037514331852484
XIAP	Likely_pathogenic	1	679.563766137692	6.79563766137203e-06
XIAP	Pathogenic	1	679.563766137692	6.79563766137203e-06
XIAP	Uncertain_significance	20	36182.1258113454	0.000361762877894356
