genename	clinvar_clnsig	count	total_expected_cases	overall_prob
IVD	Benign	2	43099043.318952	0.426321827633166
IVD	Conflicting_interpretations_of_pathogenicity	12	194958.16716852	0.00194846209228838
IVD	Likely_benign	7	285018.977263112	0.00284785365326234
IVD	Likely_pathogenic	3	7664.64308223654	7.66447626416866e-05
IVD	Pathogenic	7	103861.253985761	0.00103852039952701
IVD	Pathogenic/Likely_pathogenic	9	29809.3271379636	0.000298061356680535
IVD	Uncertain_significance	45	185654.178739092	0.00185493168946327
