genename	clinvar_clnsig	count	total_expected_cases	overall_prob
NAGLU	Benign	3	85735962.9314834	0.809093126780722
NAGLU	Conflicting_interpretations_of_pathogenicity	18	365123.546454137	0.00364632338031523
NAGLU	Likely_benign	17	204397.161409547	0.00204271569596004
NAGLU	Likely_pathogenic	12	25950.797828696	0.000259480044150551
NAGLU	not_provided	1	1173.71932774505	1.17371932774057e-05
NAGLU	Pathogenic	14	63409.0868734969	0.000633931771966467
NAGLU	Pathogenic/Likely_pathogenic	13	49350.4142852205	0.000493403359490774
NAGLU	Uncertain_significance	150	650872.288450257	0.00648803745162896
