genename	clinvar_clnsig	count	total_expected_cases	overall_prob
SMARCA4	Benign	3	33010377	0.326254928103702
SMARCA4	Benign/Likely_benign	1	4599.39	4.59939000000409e-05
SMARCA4	Conflicting_interpretations_of_pathogenicity	107	386445.882	0.00385765235053781
SMARCA4	Likely_benign	9	1284816.861	0.0128425573269185
SMARCA4	Likely_pathogenic	1	657.177	6.57176999996345e-06
SMARCA4	not_provided	1	656.732493153564	6.567324931539e-06
SMARCA4	Pathogenic	1	656.732493153564	6.567324931539e-06
SMARCA4	Pathogenic/Likely_pathogenic	1	656.732493153564	6.567324931539e-06
SMARCA4	Uncertain_significance	199	213589.505	0.00213363592903515
