genename	clinvar_clnsig	count	total_expected_cases	overall_prob
PSAP	Benign	2	7497.37862933319	7.49736797981404e-05
PSAP	Benign/Likely_benign	1	17070.2682533112	0.000170702682533164
PSAP	Conflicting_interpretations_of_pathogenicity	17	5104.04119797708	5.10392825978645e-05
PSAP	Likely_benign	4	2095.40062240714	2.09538783431107e-05
PSAP	Likely_pathogenic	1	20.7319674093287	2.07319674094819e-07
PSAP	Pathogenic	2	62.1211651142152	6.21211565410285e-07
PSAP	Pathogenic/Likely_pathogenic	1	41.4367597207246	4.14367597234566e-07
PSAP	risk_factor	1	20.7142813528878	2.07142813568595e-07
PSAP	Uncertain_significance	111	12271.667939256	0.000122709343564842
