genename	clinvar_clnsig	count	total_expected_cases	overall_prob
TYMP	Benign	1	1633864.13328926	0.0163386413328926
TYMP	Benign/Likely_benign	3	925283.515202899	0.0092520488464467
TYMP	Conflicting_interpretations_of_pathogenicity	11	70652.4940249742	0.000706349927628858
TYMP	Likely_benign	7	36895.1866646098	0.000368943022759805
TYMP	Likely_pathogenic	5	3924.95329225753	3.92491191711919e-05
TYMP	Pathogenic	10	5711.27310924506	5.71113486369512e-05
TYMP	Pathogenic/Likely_pathogenic	3	8917.260069779	8.91710004259361e-05
TYMP	Uncertain_significance	52	37992.6344009662	0.000379861825877348
