genename	clinvar_clnsig	count	total_expected_cases	overall_prob
CTNS	Benign	3	151957917.022851	1.07260550221498
CTNS	Benign/Likely_benign	1	3650734.00316273	0.0365073400316274
CTNS	Conflicting_interpretations_of_pathogenicity	10	937256.621093772	0.00934170011962343
CTNS	Likely_benign	8	295750.251278501	0.00295558038035171
CTNS	Likely_pathogenic	1	1422.78015699971	1.42278015700104e-05
CTNS	not_provided	1	1422.32148869744	1.4223214886977e-05
CTNS	Pathogenic	6	42714.5269200552	0.000427081003592455
CTNS	Pathogenic/Likely_pathogenic	3	20857.6103859277	0.000208563903912107
CTNS	Uncertain_significance	50	570431.619426684	0.00568957825754901
