genename	clinvar_clnsig	count	total_expected_cases	overall_prob
SERPING1	Benign	8	9070398.0687637	0.0889653419714406
SERPING1	Conflicting_interpretations_of_pathogenicity	7	72891.0366863109	0.000728786484636923
SERPING1	Likely_benign	16	62650.968896766	0.000626331989136419
SERPING1	Likely_pathogenic	1	691.725101258379	6.91725101253926e-06
SERPING1	not_provided	1	345.774065672084	3.45774065668714e-06
SERPING1	Pathogenic	1	345.921609212848	3.45921609212763e-06
SERPING1	Pathogenic/Likely_pathogenic	1	345.774065672084	3.45774065668714e-06
SERPING1	Uncertain_significance	24	26289.9069194215	0.000262867157679314
