genename	clinvar_clnsig	count	total_expected_cases	overall_prob
ELANE	Benign	1	656.766998771846	6.56766998774483e-06
ELANE	Benign/Likely_benign	4	1926101.41	0.0191422158882019
ELANE	Conflicting_interpretations_of_pathogenicity	9	98536.796	0.000985038359920698
ELANE	Likely_benign	4	54530.68	0.000545259569915468
ELANE	Likely_pathogenic	1	656.766998771846	6.56766998774483e-06
ELANE	not_provided	1	656.766998771846	6.56766998774483e-06
ELANE	Pathogenic	3	2627.985	2.62796341716776e-05
ELANE	Pathogenic/Likely_pathogenic	1	656.766998771846	6.56766998774483e-06
ELANE	Uncertain_significance	61	137976.058	0.00137885337750554
