genename	clinvar_clnsig	count	total_expected_cases	overall_prob
IL2RG	Benign	17	305.326090820683	3.05325662819378e-06
IL2RG	Benign/Likely_benign	2	288.255376166264	2.88255254188297e-06
IL2RG	Conflicting_interpretations_of_pathogenicity	3	36.5980735523549	3.65980695860024e-07
IL2RG	Likely_benign	9	198.773461601757	1.98773302695354e-06
IL2RG	Likely_pathogenic	1	16.1466061639324	1.61466061632254e-07
IL2RG	Pathogenic	1	4.03130240561134	4.03130240300698e-08
IL2RG	Pathogenic/Likely_pathogenic	1	4.03130240561134	4.03130240300698e-08
IL2RG	Uncertain_significance	13	132.790663431998	1.32790586604425e-06
