genename	clinvar_clnsig	count	total_expected_cases	overall_prob
IKBKG	Benign/Likely_benign	1	530.177287144034	5.30177287139111e-06
IKBKG	Conflicting_interpretations_of_pathogenicity	1	48.4057064398423	4.84057064431553e-07
IKBKG	Likely_benign	1	320.441548221577	3.20441548218309e-06
IKBKG	Likely_pathogenic	1	4.47024882221904	4.47024882666014e-08
IKBKG	not_provided	1	4.47024882221904	4.47024882666014e-08
IKBKG	Pathogenic	1	4.47024882221904	4.47024882666014e-08
IKBKG	Pathogenic/Likely_pathogenic	1	4.47024882221904	4.47024882666014e-08
IKBKG	Uncertain_significance	3	66.2661740309452	6.62661647887752e-07
