genename	clinvar_clnsig	count	total_expected_cases	overall_prob
SDHB	Benign	1	36.6626419394589	3.66626419445737e-07
SDHB	Benign/Likely_benign	4	75509.6030107066	0.000754959934969102
SDHB	Conflicting_interpretations_of_pathogenicity	13	50784.544056111	0.000507813504035837
SDHB	Likely_benign	1	36.6626419394589	3.66626419445737e-07
SDHB	Likely_pathogenic	2	146.721334071503	1.46721293714513e-06
SDHB	Pathogenic	7	476.924454117082	4.76923525416506e-06
SDHB	Pathogenic/Likely_pathogenic	8	513.56231578934	5.13561212311942e-06
SDHB	Uncertain_significance	73	4255.23217192481	4.25514389754689e-05
