genename	clinvar_clnsig	count	total_expected_cases	overall_prob
AIRE	Benign	5	4582674.35742672	0.0457096102568795
AIRE	Benign/Likely_benign	4	1178576.46468828	0.0117380409530511
AIRE	Conflicting_interpretations_of_pathogenicity	10	292220.378924417	0.00291943493669156
AIRE	Likely_benign	8	60898.3772267499	0.00060882769236259
AIRE	Likely_pathogenic	8	11502.4633411766	0.000115020548127509
AIRE	not_provided	1	280.505991845504	2.8050599184537e-06
AIRE	Pathogenic	9	29712.0215633239	0.000297105363115113
AIRE	Pathogenic/Likely_pathogenic	9	7308.11734188042	7.30792229052257e-05
AIRE	Uncertain_significance	126	238682.527022292	0.00238403930086539
