genename	clinvar_clnsig	count	total_expected_cases	overall_prob
DDX58	Benign	8	25831705.2727972	0.237990668634836
DDX58	Benign/Likely_benign	2	894716.173598275	0.00892775495704523
DDX58	Conflicting_interpretations_of_pathogenicity	1	11864.3323889298	0.000118643323889334
DDX58	Likely_benign	7	118575.414610785	0.00118525853007767
DDX58	Likely_pathogenic	1	538.916237378582	5.38916237380338e-06
DDX58	Pathogenic	1	538.916237378582	5.38916237380338e-06
DDX58	Uncertain_significance	99	247189.751565518	0.00246891435046281
