genename	clinvar_clnsig	count	total_expected_cases	overall_prob
POLG	Benign	7	1604316.19056217	0.0159578306201591
POLG	Benign/Likely_benign	6	1919594.71691787	0.0191406321420583
POLG	Conflicting_interpretations_of_pathogenicity	93	889799.250047509	0.00886130832812893
POLG	Likely_benign	23	22646.0837338986	0.000226441105898645
POLG	Likely_pathogenic	13	4874.97784119376	4.87487180561574e-05
POLG	not_provided	1	211.645136660803	2.11645136660721e-06
POLG	Pathogenic	18	36368.3428104979	0.000363643751687293
POLG	Pathogenic/Likely_pathogenic	18	40996.904703485	0.000409928946711102
POLG	Uncertain_significance	305	199189.367528204	0.001989945483996
