genename	clinvar_clnsig	count	total_expected_cases	overall_prob
F13A1	Benign	2	33370104.0321504	0.314211734407658
F13A1	Conflicting_interpretations_of_pathogenicity	7	51341648.2355683	0.445063801104404
F13A1	Likely_benign	5	2837927.84716469	0.0283217661991232
F13A1	Likely_pathogenic	1	934.353247491009	9.34353247494801e-06
F13A1	Pathogenic	6	45819.668536376	0.000458148073455455
F13A1	Uncertain_significance	22	214111.189756514	0.00213919326096323
