genename	clinvar_clnsig	count	total_expected_cases	overall_prob
F9	Benign	4	5330852.80800241	0.0532767903987147
F9	Benign/Likely_benign	5	203019.381336838	0.00202901677717393
F9	Benign|association	1	409.695513608397	4.09695513603481e-06
F9	Conflicting_interpretations_of_pathogenicity	4	13578.084508795	0.000135774294494628
F9	Likely_benign	7	12282.3840077542	0.000122818727703367
F9	Likely_pathogenic	1	409.195767468451	4.09195767470116e-06
F9	Pathogenic	10	6163.95729073378	6.16379355351526e-05
F9	Pathogenic/Likely_pathogenic	1	408.268243855401	4.08268243856647e-06
F9	Uncertain_significance	2	1643.6891916628	1.64368413050342e-05
