genename	clinvar_clnsig	count	total_expected_cases	overall_prob
APOL1	Benign	11	1109123701.59248	10.2917935608331
APOL1	Benign/Likely_benign	1	3727397.25144483	0.0372739725144483
APOL1	Benign|risk_factor	1	32005949.1407242	0.320059491407242
APOL1	Conflicting_interpretations_of_pathogenicity	2	17213.5380447166	0.000172130639615853
APOL1	Conflicting_interpretations_of_pathogenicity|risk_factor	1	32326053.0097841	0.323260530097841
APOL1	drug_response	1	3442.62616556323	3.44262616556179e-05
APOL1	Likely_benign	1	58530.9398320168	0.000585309398320133
APOL1	risk_factor	1	3442.62616556323	3.44262616556179e-05
APOL1	Uncertain_significance	25	1895915.99209281	0.0188102855313087
