genename	clinvar_clnsig	count	total_expected_cases	overall_prob
NBN	Benign	1	12435539.4701553	0.124355394701553
NBN	Benign/Likely_benign	6	2132472.25633893	0.0211484910572171
NBN	Conflicting_interpretations_of_pathogenicity	59	861191.047257059	0.00857806752360013
NBN	Likely_benign	1	467.427273912898	4.67427273909138e-06
NBN	Likely_pathogenic	3	3270.75588127821	3.27072531338679e-05
NBN	not_provided	1	466.945561962666	4.6694556196103e-06
NBN	Pathogenic	5	2336.93515464928	2.33691330968622e-05
NBN	Pathogenic/Likely_pathogenic	5	5140.27770873038	5.14017942629952e-05
NBN	Uncertain_significance	192	178084.727817004	0.00177927816312118
