genename	clinvar_clnsig	count	total_expected_cases	overall_prob
ALMS1	Benign	4	250933445.203613	1.06464866066533
ALMS1	Benign/Likely_benign	3	1250788.72576367	0.012465385088078
ALMS1	Conflicting_interpretations_of_pathogenicity	27	6808884.56096532	0.0666979639109756
ALMS1	Likely_benign	1	1742.56009675283	1.74256009675133e-05
ALMS1	Likely_pathogenic	2	3498.53706703679	3.49850646799155e-05
ALMS1	Pathogenic	10	29651.2998216078	0.000296473756564275
ALMS1	Pathogenic/Likely_pathogenic	6	24469.5554279277	0.000244673559349096
ALMS1	Uncertain_significance	204	1225676.83490767	0.0121830484703276
