genename	clinvar_clnsig	count	total_expected_cases	overall_prob
SLC34A2	Benign	7	95881701.193739	0.881263188709889
SLC34A2	Likely_benign	2	138677.543290703	0.00138659289144938
SLC34A2	Likely_pathogenic	1	1228.53702581744	1.22853702582137e-05
SLC34A2	Pathogenic	1	1237.78199466379	1.2377819946674e-05
SLC34A2	Uncertain_significance	20	524497.6762021	0.00523436914053066
